When Your Login Name or Password Is Lost or Forgotten,/general/en/user/list_start/forgot_password.html
When the Administrator Account Name or Password Is Lost or Forgotten,/general/en/admin/list_administrator/admin_account.html
If You Forget Your Login URL,/general/en/user/list_start/forgot_url.html
Viewing and Changing Profiles,/general/en/user/list_personal/profile.html
Changing Your Login Name and Password,/general/en/user/list_personal/auth.html
When a User's Account Is Locked,/general/en/admin/list_security/unlock_account.html
Saving Your Login Name and Password,/general/en/user/list_personal/login_save.html
Accessing Services from Public and Home Networks,/general/en/user/list_access/remote.html
When Internet Explorer Cannot Display a cybozu.com Page Correctly,/general/en/user/list_start/ie_compatible.html
Types of Administrators,/general/en/admin/list_administrator/list_type_of_administrator/administrator.html
